owner,chicago,area,gay, ,admits, ,scheme,http,co,lgbt,https,co,tm, , , , , , 
saudi,arabia,fatalities,reported,following,suicide,bombing,mosque,avoid, , ,co,xw,z, , , , , , 
bad,day, , , , , , , , , , , , , , , , , , 
rt,k,deaths,per,year,error,http,co,p,avoid, ,http,co, , , , , , , 
 ,man,shot,another,wounded,vermont,street,buffalo,http,co, , , , , , , , , , 
government,food,supply,power, , ,result,https,co, , , , , , , , , , , 
stephen,hey,stephen,remember,time,drowned,read, ,co,sa,xx,oq, , , , , , , , 
dont, ,paint, ,building,cause,planning,demolition,since,forever, , , , , , , , , , 
 ,mechanical,mod,explosion,man,injured,mod, , ,http,co,http,co,n, , , , , , 
fatalities,vine,https, , , , , , , , , , , , , , , , , 
check,awesome,profile,ge, ,robot,used,nuclear,http,co, , ,co, , , , , , , 
put,fire,still,burning, , , , , , , , , , , , , , , , 
learning,event,u, ,five,years,later,http,co, , , , , , , , , , , 
 ,injured,explosion,chemical,park,western,germany,http,co, , , , , , , , , , , 
fucking,screaming, , , , , , , , , , , , , , , , , , 
fatal, , , , , , , , , , , , , , , , , , , 
love, , , , , , , , , , , , , , , , , , , 
begins,day,one,snow,apocalypse, , , , , , , , , , , , , , , 
new,ran,report,frontlines,human,rights,abuses,forest,destruction,fashion, ,co, , , , , , , , 
two,single,middle,fourth,hit,night,springs, , , , , , , , , , , , , 
could,electrocute, ,thanks, , , , , , , , , , , , , , , , 
want, ,game,http,co,effects,detonation,nuclear,bomb, , , , , , , , , , , 
video,picking,bodies,water,rescuers,searching,hundreds,migrants,mediterran,http,co,q,w, , , , , , , 
prophet,peace,upon,said, , ,even,giving,half,date,charity, , , , , , , , , 
cyclone,powers, ,center,person, , , , , , , , , , , , , , , 
 ,found,reunion,island,flight,mh,mystery,behind,plane,disappearance,could,better, , , , , , , , 
head,exploded, , , , , , , , , , , , , , , , , , 
 ,yrs,everyone,shit,dead,legionnaires,month,amp, , , , , , , , , , , , 
 ,love,romance,voodoo,apocalypse, , , , , , , , , , , , , , , 
storm,batters,auckland,violent,overnight,storm,auckland,http,co, , , , , , , , , , , 
 ,like,tornado,http,co, , , , , , , , , , , , , , , 
businesses,deluged, ,make,stand,colour,shape,likely,rise,top, ,pay, , , , , , , , 
tornado,make,playoffs,guys,already,added, , , , , , , , , , , , , , 
lmao,well, , ,crush,one, , , , , , , , , , , , , , 
mr,see,inundated,atm, ,say,well,done, ,job, , , , , , , , , , 
love, ,without,tragedy,wish,made,whole, , , , , , , , , , , , , 
trauma,team, , ,american,e,shop, , , , , , , , , , , , , 
anyway,old,lady, ,something,ask,alone,coming,tsunami,http,co, , , , , , , , , 
 , ,caught,fire, , , , , , , , , , , , , , , , 
yes,god,change,says,fall, ,like,wild,fires, , , , , , , , , , , 
natural,metrofmtalk, , , , , , , , , , , , , , , , , , 
moms,annoying,turn,beats,way,drown, , , , , , , , , , , , , , 
beware,temper,loose,tongue,two,dangerous, ,combined,lead,person,hellfire,islam, , , , , , , , 
watch,airport,get,swallowed,sandstorm,minute,http,co,tr, , , , , , , , , , , 
hiroshima,survivors,fight,nuclear,industry,brazil,video,http,co, , , , , , , , , , , 
body,bags, , , , , , , , , , , , , , , , , , 
justinbieber,arianagrande,hear,screaming, , , , , , , , , , , , , , , , 
crazy,use, ,iran,nuclear, ,toilet, , , , , , , , , , , , , 
 ,team,flip,wreck,character,pack,sale,http,co, , , , , , , , , , , 
investigators,shift,focus,cause, ,waimate,fire, ,co,c, , , , , , , , , , 
 ,team,cancer,survivors,amp,fans,help, ,http,co,eq, , , , , , , , , 
girl,new,friend,replace,loved,bff,inundated,http,co,http,co, , , , , , , , , 
okay, ,evacuate,house,write, , , , , , , , , , , , , , , 
 ,burning, , , , , , , , , , , , , , , , , , 
insurance,texas,seeks,comment,rules,changes,windstorm,insurer,http,co, , , , , , , , , , 
links,work,home,derailed,empty,train,derailed,smithsonian,morning,http,co,id, , , , , , , , 
 ,officers,arrested, ,police,run,boot,camp,san,luis,calif,abc,http,co, , , , , , 
 ,western,uganda,still,burning,buildings,strikes, ,western,uganda,always, ,literally, , , , , , , 
two,air,ambulances,scene,serious,crash,two,cars,http,co,http,co, , , , , , , , 
investigators,say,fatal,virgin,galactic,spaceship,crash,last,year, , ,failure,co, , , , , , , 
foster,keep,promise,get,injured,every, , , , , , , , , , , , , , 
black, ,space, ,occurred,star,involving,fleets,totaling,ships,destroyed, , , , , , , , , 
remember,reading,deluge,posts,losing,http,co,oz, , , , , , , , , , , , 
good,luck,tomorrow,night,get,points,armageddon, , , , , , , , , , , , , 
couple,storms,near,ok,leaving,evening,lightning, ,okwx,http,co,p, , , , , , , , 
worst,fear,https,co,ih, , , , , , , , , , , , , , , 
made, ,go,shitty,af, ,af, , , , , , , , , , , , , 
 ,friend,still,see,friends,little,babies,care,else,electrocute, , , , , , , , , , 
picking,flattened,men,nd,https,co, , , , , , , , , , , , , , 
perhaps, ,name,yahoo,care,inundated,cannot,respond, , , , , , , , , , , , 
oh,shit,rly,thunder,lightning,missed,summer,storms, , , , , , , , , , , , 
 , ,prepare,future,emergencies, ,co,tl,http,co, , , , , , , , , , 
hotel,evacuated,fire,shore,drive, ,co,x, , , , , , , , , , , , 
 ,nuclear,biological,chemical,nbc,brigade,emergency,response,exercise,southern,md, ,co,ul, ,co, , , , 
burning,buildings, ,lives,matter, , , , , , , , , , , , , , , 
world, ,police,wrap, ,gordon,investigation,police,wrapped,investigation, ,co, , , , , , , , 
usatoday,god,healing,safety,first,responders, , , , , , , , , , , , , , 
learn,gained, ,secrets,top,earners,amp,used,explode,home,business,http,co,please,rt, , , , , 
 , ,public,deaths,province,http,co,id,http,co, , , , , , , , , , 
part,panic,want,make,better,ok,https,co,x,via,youtube, , , , , , , , , 
 ,audio,sa,sa,black,speaker,covers, ,http,co,g,http,co,p, , , , , , 
seconds, ,pick,http,co,fan,army,sosfam,http, ,gc, , , , , , , , , 
mh,aircraft, ,found,la,reunion,missing,malaysia,airlines,http,co,q, , , , , , , , 
impossible,ww,like, ,day,without,meat, , , , , , , , , , , , , 
person,block,se, ,ave,portland,portland, ,pp,pdx, , , , , , , , , , 
youngheroesid,lava,blast,dan,power,red,pantherattack, , , , , , , , , , , , , 
drove,parents, , ,panic,attack,waiting,happen, , , , , , , , , , , , 
fuck,https, , ,rk, , , , , , , , , , , , , , , 
crazy,storm,hit,trapped,inside, ,co,qc, , , , , , , , , , , , 
world,fears, ,migrants, ,rescuers,search,survivors,boat,carrying,many,http,co,ds,e,news, , , , 
war,came, ,never,see,white, ,front,end,dead,wont, , , , , , , , , 
tsunami,esh,hey,esh, , , , , , , , , , , , , , , , 
yea,heard, ,vampiro,bleeding, , , , , , , , , , , , , , , 
hate, , ,mean,love, ,talk,damn,much, , , , , , , , , , , 
listen,darude,sandstorm, ,expecting, , , , , , , , , , , , , , , 
justinbieber,arianagrande,hear,screaming, , , , , , , , , , , , , , , , 
ways,survive,escape,law,world,http, ,http,co, , , , , , , , , , , 
wars,destruction, ,money,must, ,inside,go,outside, , , , , , , , , , , 
said,curfew,nope, , , , , , , , , , , , , , , , , 
 ,fear,neither,desolation,wicked,lord,shall,http,co, ,b, , , , , , , , , 
inner,man,route,harm,spent,replacing,online, , , , , , , , , , , , , 
remove,http,co,rx,mf,linkury,browser,hijacker, ,co,b,um,http,co, , , , , , 
want,fuck, ,explode,could, , , , , , , , , , , , , , , 
collapsed,bed,ugh, , , , , , , , , , , , , , , , , 
crazy,mom,threw,teen, ,nude,twister,sex, ,according,friend,gt,http,co,hy,tm,http, ,c, 
gamergate, ,attempt,hijack,community,destroy,industry,everyone,sight,drop,dead, , , , , , , , , 
worked,hard,get,level,going,let,injury,define,going, ,cool, , , , , , , , , 
impossible,ww,like, ,day,without,meat, , , , , , , , , , , , , 
made,good, ,white,person, ,murder,criminal,minority,thing, ,co, , , , , , , , 
square, ,org,write,xv,im,sure,fine,buildings,around, ,fire, , , , , , , , 
bloomberg,anything,negative,try,derail,public,support,favor,irandeal, , , , , , , , , , , 
abcnews,peterdutton,mp,also,told,one,drowned,last,years, , ,mention, , , , , , , , 
yeah,survived,seasons,movies,let,hope,good,hope, , , , , , , , , , , , 
horrible, ,feeling,home,phone,realise, ,whole,time, , , , , , , , , , , 
locke,one,side,set,obliteration, ,fixing, , , , , , , , , , , , , 
scary,stuff,san,antonio,stars,head,coach,dan,hughes,run, , ,chairs,onto,floor,stretcher, , , , 
collide,club,mix,http,co, , , , , , , , , , , , , , , 
tsunami, ,esh,please,okay, , , , , , , , , , , , , , , 
 ,police,officers,kenya,sunk,low,point,pick,pockets, , , , , , , , , , , 
 ,mass,murder,correlation, , , , , , , , , , , , , , , , 
u,record,hurricane,drought,http,co, , , , , , , , , , , , , , 
latest, ,wildfire,town,evacuations,end,right, ,co, , , , , , , , , , , 
help, ,zombie,apocalypse,zombie,fun,run,th,https,co,mn, , , , , , , , , 
 ,baseball,christie,game,pandemonium,pits,http,co,lq,xu, , , , , , , , , , 
 ,favorite,detonation, , ,soundcloud, , , , , , , , , , , , , , 
choose,happy,fire,truck,rest,http, ,review,kick, , , , , , , , , , , 
severe,thunderstorm, ,across, ,south,http,co, , , , , , , , , , , , 
sweet,young,came,fucking,moved,entire,existence,would,obliterated, , , , , , , , , , , 
loud,let,us,bang, , , , , , , , , , , , , , , , 
say,interesting,quite,tongue,twister, , ,p, , , , , , , , , , , , 
summer,california,puppy, ,happy,https, , , , , , , , , , , , , , 
 ,incident,leading,landslide,http,co, , , , , , , , , , , , , , 
la,siren,thanks,joining,foot, , , , , , , , , , , , , , , 
thorium,radioactive,weapons,environmental,devastation,video, ,co, , , , , , , , , , , , 
 ,hobo,vintage,shira,b,bestseller,http,co, , , , , , , , , , , , 
woman, ,app, ,rescuers,injured,biker,marin,county,http,co,iz,u, , , , , , , 
earthquake,sicily,italy,iphone, ,download,earthquake,app,information, ,co,v,azwoamzk, , , , , , , 
hi, ,storm,ne,severe,hail, ,wind,possible, ,http,co, , , , , , , , 
see, ,guillermo,http,co, , , , , , , , , , , , , , , 
petition,seek,mercy,death,punishment,terrorist,job,well, ,india, ,foreign,govt,n, , , , , , 
agree,knew,going,deep,roads, ,blight,red,yet,gt,gt, , , , , , , , , 
seeing,issues,aftershock, , , , , , , , , , , , , , , , , 
curfew,start, ,private,class,ends,must, ,someone, , , , , , , , , , , 
dont, ,come,worried,curfew,bc, , , , , , , , , , , , , , 
surface, ,emergency,lights,http, ,http,co,u, , , , , , , , , , , 
cw, , ,shots,tomorrow,cause,recording,flames,tomorrow, , , , , , , , , , , 
five,fatal, ,deal,https,co,via,youtube, , , , , , , , , , , , 
find, ,fucking,tragedy, , , , , , , , , , , , , , , , 
cause,self,destruction, , , , , , , , , , , , , , , , , 
grade,black, ,famine,mega,score, ,co,af, ,http,co,zq, , , , , , , 
k,veterans,k, , , , ,ones, ,co,client, , , , , , , , , 
 ,going,dude,keeping,took,exit,pulled, , ,blew,motor,lolol,fast,furious, , , , , , 
internet,subject,new,rules,eu,http,co, , , , , , , , , , , , , 
cnn,end,times,upon, ,famine,war,death,plague, ,stronger, , , , , , , , , 
 ,claims,responsibility,saudi,suicide,bombing,http,co,je, , , , , , , , , , , 
destroy,c,entire,region,b,yes,gets, , , , , , , , , , , , , 
 ,interview,michele, ,life,trauma, , , , , , , , , , , , , , 
liked,youtube,video,http,co,jk,j,cole,fire, ,forest,hills,drive, , , , , , , 
liked,youtube,video,http, ,ab,u,call,duty,ep,collide, , , , , , , , , 
http,co,nashville,theater,attack,gun,grabbers, , ,control, , , , , , , , , , 
dozens,dead,two,trains,derail, ,india,http,co,n, ,co, , , , , , , , 
sinkhole,selfies, ,believe,brooklyn,sinkhole,sinkhole,http,co, ,funny, , , , , , , , , 
stuck,train,hours,de,due,landslide, , ,trip, , , , , , , , , , , 
new,free,porn,clip,taking, , ,free,http,co,rt,adult,sex,tube, , , , , , 
month,students, , ,ablaze,torch,http,co, , , , , , , , , , , , 
last,second,rt,http,co,pcs,mm,ab,flower,whirlwind,wedding, , , , , , , , , 
bringing,tornadoes,floods,bringing,climate,change,god, ,plaguing,farrakhan,quote, , , , , , , , , 
one,two,countries,destroy,world, ,world,security, , , , , , , , , , , , 
omg,omg,omg,justinbieber,collided,nuclear,accident,oo, ,http, ,p, , , , , , , , 
lava, , , , , , , , , , , , , , , , , , , 
let, ,passenger, , , , , , , , , , , , , , , , , 
dog,burning,buildings,https, ,http,co,u, , , , , , , , , , , , 
bags,body, , , , , , , , , , , , , , , , , , 
china, ,market,crash, , ,http,co,lo, , , , , , , , , , , 
storm, ,latest,x,men,apocalypse,set,photo,https,co,fs,via, , , , , , , , 
leading,emergency,services, ,new,ambulance,charity,http,co,mj,jq, , , , , , , , , 
let,another,love,crash, , , , , , , , , , , , , , , , 
today,day,hiroshima,got, ,bomb,years,ago,narrative,hiroshima,atomic,bombing,http,co, , , , , , 
ship,arrived,safely,quite, ,sue,microsoft,hijacking,occurred, , , , , , , , , , , 
still, ,driving,flashbacks,lane, , , , , , , , , , , , , , , 
 ,airport,get,swallowed,sandstorm,minute, ,co,r, , , , , , , , , , , 
blks,amp,whts,colluded,take,wht,f,usagov,auth,hostage,amp,make,look, , ,bioterrorism,amp,use,lgl,org
yes, , , , , , , , , , , , , , , , , , , 
 , , , , , , , , , , , , , , , , , , , 
hate,im,trying,hair,brother,comes,behind,burned,finger, , , , , , , , , , , 
 ,take,break,work,gotta,right,http,co,zo, , , , , , , , , , , 
would, ,nuclear,reactor,tank, , , , , , , , , , , , , , , 
person,block,se, ,ave,portland,portland, ,pp,pdx, , , , , , , , , , 
 , , ,use,wisdom,teaching, , , , , , , , , , , , , , 
lands,amp,punjab,refused,food,aid, ,wonder,harbor,hard,feelings, , , , , , , , , 
liked,youtube,video,http,co,xo,region,iii, ,nasa,japan,rocket, , , , , , , , 
anti,collision,rear,innovation,gadgets,http, , , , , , , , , , , , , , 
experience,may,help,coral,survive,climate,change,adult,increased, ,co,n, ,v,go, , , , , 
held,hostage,group, , , , , , , , , , , , , , , , , 
beforeitsnews,former,executives, ,fukushima, ,disaster,http,co,http, , , , , , , , , , 
 ,one,day,dress,aka,class,day,try,natural,disaster, , , , , , , , , , 
world,annihilation, ,self,transformation,http,co,attack,humans,http,co, ,z, , , , , , , 
learned,one,south,dust,storm,years, , , , , , , , , , , , , , 
feel,like,death,holy, , , , , , , , , , , , , , , , 
cooler,jackson,milkshake,snowstorm, , , , , , , , , , , , , , , , 
screaming,oh,god, ,co, , , , , , , , , , , , , , , 
joel,book,acts, , , , , , , , , , , , , , , , , 
wow,rest,summer,usually,worry,forest,fires, ,hours,away, , , , , , , , , , 
tension,bayelsa,patience,jonathan,plans,hijack, ,pdp,http,co, , , , , , , , , , 
okay,find,kinda,panicking, , , , , , , , , , , , , , , , 
photo, ,history,sexual,trauma,seen,primarily,http,co,u,es,uk,u, , , , , , , 
whirlwind,head,https,co,b,z,vi,td, , , , , , , , , , , , 
southeast,dirt,riot,series, ,dirt,riot,series,id,http,co,v,c, , , , , , , 
suicide, ,kills,saudi,security,site,mosque,reuters,http,co, , , , , , , , , , 
patience,jonathan,move, ,apc,bayelsa,state,http,co,http,co, , , , , , , , , 
ud,rescue,structural,collapse,scott,road, ,york,trucks, , , , , , , , , , , 
investigators,shift,focus,cause, ,waimate,fire, ,co,c, , , , , , , , , , 
shipping, ,migrant,boat,capsizes,med,hundreds,capsized,http,co, , , , , , , , , , 
 , ,videos,needs,grab,nicki,minaj,someone,u,minds,blown, , , , , , , , , 
ever,since,facebook,mets,meltdown,mets,welcome, , , , , , , , , , , , , 
pbban,temporary,ghost,armageddon,kill,flags,fast,xp,reason, , , , , , , , , , , 
sound,arson, , , , , , , , , , , , , , , , , , 
 ,would,think,since,college,think,bioterrorism,esp, , , , , , , , , , , , 
news, ,hyderabad,deluged,heavy,rainfall, , , , , , , , , , , , , , 
 , , ,https,co, , , , , , , , , , , , , , , 
 ,pilot,dramatic,video, ,plane,landing,violent,storm,http,co, , , , , , , , , 
team,ready,natural,disaster,violent,client, ,contact,ready,vet,design,http,co,u,k, , , , , 
 ,attacked,muslims, ,mount,waving,israeli,flag,via,pamela,geller,http,co, , , , , , , 
hope, ,radio,houston,starter,foster,injury, , , , , , , , , , , , , 
gets,porn,gets,pussy,http,co,qew,c,xd,view, ,video, , , , , , , , 
 ,getting,remember,time,going, ,regret,going,make,way,around,matthew, , , , , , , , 
 ,quarantine, ,content,http,co,u, , , , , , , , , , , , , 
rescued,tb, ,hits,http,co,pa,via, , , , , , , , , , , , 
map, ,soudelor,predicted,path, ,taiwan,expected,make,landfall,southern,china,http,co, , , , , , 
 ,govt,amp,media,take,serious,concern,safety,danger,https,co, , , , , , , , , 
snowstorm, , , , , , , , , , , , , , , , , , , 
someone, ,dq,wanna,blizzard,bad, , , , , , , , , , , , , , 
omg,cain, ,emotional,wreck,emmerdale, , , , , , , , , , , , , , 
 , ,detonate,f,p,http,co,na, , , , , , , , , , , , 
b,c,costs,less, ,people, ,emergency, ,co, , , , , , , , , , 
accident,w,traffic, , ,usual,https,co, , , , , , , , , , , , 
new, ,casualty,aids, ,since,grown,watching,david,http,co,cx, , , , , , , , 
would, ,nuclear,reactor,tank, , , , , , , , , , , , , , , 
 ,everyone,know,worried,getting,milkshake,supposed,evacuate, , , , , , , , , , , , 
fruit,snacks, , , ,battling,wild,fires, , , , , , , , , , , , 
mh, ,found,reunion, ,sad,tragedy,innocent,crash,mh, , , , , , , , , , 
couple,storms,near,ok,leaving,evening,lightning, ,okwx,http,co,p, , , , , , , , 
hate, ,ruin,things, , , , , , , , , , , , , , , , 
colorado,news, ,bicyclist,injured, ,collision,broadway,least,two,people,http,co, , , , , , , 
afghan,conflict,sees,sharp,rise, ,casualties,http,co,l, ,co, , , , , , , , 
 , , , , , , , , , , , , , , , , , , , 
picking,flattened,men,nd,https,co, , , , , , , , , , , , , , 
flood,two, ,dead, ,destroyed,kaduna,two,people,reportedly,killed,http, , , , , , , , 
ears,bleeding,https,co,k, , , , , , , , , , , , , , , 
 ,trains,derailment,freakiest, ,accidents,mp,trains,derailment,freakiest,http,co,wi, , , , , , , 
 ,turbine,hurricane,h,bluetooth,wireless,stereo,headphones,headset,blk,full,http,co, , , , , , , 
collection,video,west,coast, ,fires,abc,http,co,qd, , , , , , , , , , 
walk,sinking,ship, , , , , , , , , , , , , , , , , 
man,henry,van,missing, ,services, ,man, ,co,z, , , , , , , , , 
 ,time,gave,life,dead,hell, , , , , , , , , , , , , , 
man,time, ,social,upheaval,also,challenged,genius,ancient,world, , , , , , , , , , 
 , , ,https,co, , , , , , , , , , , , , , , 
swiss,army,date,women,rubber,mop,watch, ,co,http,co, , , , , , , , , 
ears,bleeding,hate, , , , , , , , , , , , , , , , , 
rt, ,image,hijacker,b,cooper,http,co, , , , , , , , , , , , 
 ,understanding, ,left,red,black,tree,class,currently,http,co, , , , , , , , , 
 , ,world,pres,http,co,jw,recognize,hazardous,waste,multidimensi,http,co,qe, , , , , , 
omar, ,electrocute,ya,ass,lol,hell,fucking, , , , , , , , , , , , 
hot, ,specially,modified,land,stadium,rescue, ,iran,http,co, ,py,prebreak,best, , , , , 
want,cheat,anything, ,good,vent,twitter,without,screamed,lol, , , , , , , , , , 
earthquake,occurred,near,mount,st,area, , ,earthquake,http,co, , , , , , , , , 
governor,allows, ,california,school,bus,hijacker,kidnapped, ,http,co,http,co,z, ,l, , , , 
im, ,car,wow,sunk, , , , , , , , , , , , , , , 
confirmed,dead,suicide,bomber,attacks, ,arabian,mosque,http,co,http,co, , , , , , , , 
 ,news,sinkhole,disrupts,downtown,trolley,service,incident, ,wed,http,co, , , , , , , , 
two,body,horrors,http,co,w,k,ab,virus,bioterrorism, , , , , , , , , , 
civil,rights,movement,eyewitness,history,series,http,co,kk,http, , ,fs, , , , , , , 
high,tide,b,sunk,battleship, , , , , , , , , , , , , , , 
 , ,progress,northeast,county,http,co,xk, , , , , , , , , , , , 
hungry,bodies, , , , , , , , , , , , , , , , , , 
look,co, ,bn,long,foxy,siren,oh, ,jennifer, ,got,married,happy, , , , , , 
panic,disco,best,song,acoustic, , , , , , , , , , , , , , , 
tube,strike, ,latest,travel,updates,london,engulfed, ,http,co,zl,http,co, , , , , , 
ignition, ,detonation,sensor,senso,standard,ks,http,co,http,co, , , , , , , , , 
years,plans,start,sinking, ,co, , , , , , , , , , , , , , 
prophet,peace, ,said,save,hellfire,even,giving,half,date, , , , , , , , , , 
k,veterans,k, , , , ,ones, ,co,client, , , , , , , , , 
want,hear,displaced,parents,died, , , , , , , , , , , , , , , 
photo,bombed,http,co, , , , , , , , , , , , , , , , 
recommend,businesses, ,source,electricity,solar,wind,batteries,emergency,plan, , , , , , , , , , 
 , ,fatality,rate, , , , , , , , , , , , , , , , 
 , , , , , , , , , , , , , , , , , , , 
one,match,start,forest,fire, ,whole,box,start, , , , , , , , , , , 
emergency,root, , , , , , , , , , , , , , , , , , 
du,gon,get,rap,battle, , , , , , , , , , , , , , , 
hot,funtenna,hijacking,computers,send,data,sound,waves, ,hat,http, ,qj,prebreak,best, , , , , 
seemed,like,order, , , , , , , , , , , , , , , , , 
liked,youtube, ,http,co, ,dj,hazard,death,sport, , , , , , , , , , 
another,mac,https,co,un, , , , , , , , , , , , , , , 
 ,friday,turns,bloody,would, ,http,co,l,mystery, , , , , , , , , , 
calgary,news,weather,traffic,august, ,co, ,co, , , , , , , , , , , 
aftershock, ,streaming,youtube,http,co, , , , , , , , , , , , , , 
would,love,see,diablo,map,themed, ,like,mt,pandemonium, , , , , , , , , , 
asian, ,http, ,w,v,te,sex,porn,video,free, , , , , , , , , 
two,giant,cranes,holding,bridge,collapse,nearby,homes,http,co,ev,via,http,co,oq,z, , , , 
